{"stats":{"minecraft:picked_up":{"minecraft:crafting_table":1,"minecraft:andesite":1,"minecraft:leather":3,"minecraft:oak_log":12,"minecraft:yellow_bed":2,"minecraft:lapis_lazuli":27,"minecraft:string":4,"minecraft:dirt":21,"minecraft:white_banner":1,"minecraft:cooked_mutton":1,"minecraft:bone":2,"minecraft:wheat_seeds":4,"minecraft:iron_ingot":5,"minecraft:beef":3,"minecraft:stone_pickaxe":1,"minecraft:poppy":1,"minecraft:light_gray_wool":1,"minecraft:chest":1,"minecraft:furnace":4,"minecraft:stick":6,"minecraft:raw_iron":20,"minecraft:blast_furnace":1,"minecraft:diorite":8,"minecraft:white_bed":3,"minecraft:spider_eye":3,"minecraft:arrow":5,"minecraft:diamond":2,"minecraft:hay_block":5,"minecraft:granite":6,"minecraft:oak_sapling":2,"minecraft:mutton":9,"minecraft:coal":25,"minecraft:white_wool":5,"minecraft:cobblestone":89},"minecraft:used":{"minecraft:cooked_mutton":4,"minecraft:diorite":8,"minecraft:stone_pickaxe":63,"minecraft:oak_planks":12,"minecraft:wooden_pickaxe":18,"minecraft:white_wool":3,"minecraft:dirt":9,"minecraft:crafting_table":2,"minecraft:white_bed":2,"minecraft:granite":5,"minecraft:iron_axe":60,"minecraft:bread":14,"minecraft:iron_pickaxe":67,"minecraft:stone_axe":61,"minecraft:light_gray_wool":1,"minecraft:cobblestone":38,"minecraft:furnace":4,"minecraft:yellow_bed":1,"minecraft:cooked_beef":7},"minecraft:crafted":{"minecraft:cooked_beef":7,"minecraft:oak_planks":48,"minecraft:crafting_table":1,"minecraft:wooden_pickaxe":1,"minecraft:furnace":4,"minecraft:stone_axe":3,"minecraft:bread":18,"minecraft:cooked_mutton":5,"minecraft:air":0,"minecraft:iron_boots":1,"minecraft:iron_axe":1,"minecraft:stick":16,"minecraft:iron_ingot":12,"minecraft:iron_pickaxe":1,"minecraft:stone_pickaxe":3,"minecraft:wheat":45},"minecraft:custom":{"minecraft:interact_with_furnace":55,"minecraft:mob_kills":23,"minecraft:interact_with_crafting_table":11,"minecraft:raid_trigger":1,"minecraft:leave_game":1,"minecraft:time_since_death":81591,"minecraft:sleep_in_bed":5,"minecraft:time_since_rest":10414,"minecraft:sprint_one_cm":171863,"minecraft:damage_taken":1413,"minecraft:walk_one_cm":135412,"minecraft:drop":23,"minecraft:damage_dealt":4055,"minecraft:swim_one_cm":2849,"minecraft:fly_one_cm":239110,"minecraft:open_chest":6,"minecraft:crouch_one_cm":95265,"minecraft:play_time":81591,"minecraft:sneak_time":21895,"minecraft:walk_under_water_one_cm":10459,"minecraft:jump":1651,"minecraft:walk_on_water_one_cm":4763,"minecraft:total_world_time":81591,"minecraft:fall_one_cm":66024},"minecraft:killed":{"minecraft:spider":4,"minecraft:iron_golem":1,"minecraft:sheep":6,"minecraft:skeleton":3,"minecraft:pillager":2,"minecraft:zombie":5,"minecraft:cow":2},"minecraft:mined":{"minecraft:white_bed":2,"minecraft:deepslate_diamond_ore":2,"minecraft:powder_snow":114,"minecraft:crafting_table":1,"minecraft:granite":6,"minecraft:blast_furnace":1,"minecraft:grass_block":8,"minecraft:chest":1,"minecraft:tall_grass":13,"minecraft:spruce_leaves":5,"minecraft:lapis_ore":4,"minecraft:diorite":6,"minecraft:large_fern":1,"minecraft:hay_block":5,"minecraft:furnace":5,"minecraft:iron_ore":21,"minecraft:yellow_bed":2,"minecraft:white_wall_banner":1,"minecraft:grass":46,"minecraft:coal_ore":13,"minecraft:oak_log":12,"minecraft:dirt":15,"minecraft:stone":85,"minecraft:oak_leaves":4},"minecraft:dropped":{"minecraft:bread":4,"minecraft:iron_ingot":4,"minecraft:stone_axe":2,"minecraft:candle":3,"minecraft:wheat_seeds":4,"minecraft:granite":1,"minecraft:cooked_mutton":2,"minecraft:poppy":1,"minecraft:dirt":12,"minecraft:potato":5,"minecraft:dark_oak_log":3,"minecraft:andesite":1,"minecraft:oak_sapling":2,"minecraft:iron_leggings":1,"minecraft:spider_eye":3,"minecraft:wooden_pickaxe":1,"minecraft:stone_pickaxe":3,"minecraft:white_wool":2}},"DataVersion":3465}