{"stats":{"minecraft:crafted":{"minecraft:cooked_beef":1,"minecraft:oak_planks":72,"minecraft:crafting_table":2,"minecraft:iron_helmet":1,"minecraft:wooden_pickaxe":1,"minecraft:cooked_chicken":1,"minecraft:stone_axe":1,"minecraft:cooked_mutton":15,"minecraft:stick":8,"minecraft:iron_ingot":12,"minecraft:iron_leggings":1,"minecraft:white_bed":2,"minecraft:dark_oak_planks":12},"minecraft:picked_up":{"minecraft:chiseled_deepslate":1,"minecraft:crafting_table":2,"minecraft:feather":4,"minecraft:chicken":5,"minecraft:andesite":4,"minecraft:leather":6,"minecraft:potato":5,"minecraft:oak_log":18,"minecraft:gunpowder":2,"minecraft:dirt":47,"minecraft:string":2,"minecraft:raw_copper":12,"minecraft:white_banner":1,"minecraft:iron_leggings":1,"minecraft:cooked_mutton":2,"minecraft:bone":3,"minecraft:wheat_seeds":16,"minecraft:candle":6,"minecraft:smooth_stone":1,"minecraft:iron_ingot":4,"minecraft:beef":5,"minecraft:stone_pickaxe":1,"minecraft:oak_planks":1,"minecraft:egg":1,"minecraft:furnace":4,"minecraft:stick":1,"minecraft:raw_iron":18,"minecraft:spruce_log":15,"minecraft:carrot":1,"minecraft:blast_furnace":1,"minecraft:diorite":1,"minecraft:white_bed":4,"minecraft:dark_oak_log":3,"minecraft:spider_eye":1,"minecraft:arrow":4,"minecraft:rotten_flesh":2,"minecraft:stone_axe":1,"minecraft:deepslate_bricks":1,"minecraft:granite":6,"minecraft:gray_wool":7,"minecraft:bread":4,"minecraft:oak_sapling":1,"minecraft:mutton":13,"minecraft:coal":30,"minecraft:white_wool":9,"minecraft:cobblestone":28},"minecraft:broken":{"minecraft:stone_axe":1},"minecraft:dropped":{"minecraft:candle":3,"minecraft:wheat_seeds":16,"minecraft:raw_copper":6,"minecraft:cooked_mutton":1,"minecraft:white_bed":2,"minecraft:chiseled_deepslate":1,"minecraft:deepslate_bricks":1,"minecraft:dirt":1,"minecraft:diorite":1,"minecraft:wooden_pickaxe":1,"minecraft:string":2},"minecraft:custom":{"minecraft:interact_with_furnace":50,"minecraft:mob_kills":31,"minecraft:interact_with_crafting_table":6,"minecraft:leave_game":5,"minecraft:time_since_death":85279,"minecraft:sleep_in_bed":3,"minecraft:time_since_rest":12701,"minecraft:sprint_one_cm":188986,"minecraft:damage_taken":1533,"minecraft:walk_one_cm":167696,"minecraft:drop":14,"minecraft:damage_dealt":5105,"minecraft:swim_one_cm":2104,"minecraft:fly_one_cm":238741,"minecraft:open_chest":2,"minecraft:crouch_one_cm":55732,"minecraft:play_time":85279,"minecraft:sneak_time":16625,"minecraft:walk_under_water_one_cm":13094,"minecraft:jump":1686,"minecraft:walk_on_water_one_cm":5111,"minecraft:total_world_time":85279,"minecraft:fall_one_cm":63801},"minecraft:mined":{"minecraft:white_bed":3,"minecraft:powder_snow":57,"minecraft:crafting_table":2,"minecraft:glow_lichen":1,"minecraft:granite":4,"minecraft:blast_furnace":1,"minecraft:grass_block":6,"minecraft:deepslate_bricks":1,"minecraft:tall_grass":6,"minecraft:copper_ore":2,"minecraft:spruce_leaves":7,"minecraft:oak_planks":1,"minecraft:diorite":2,"minecraft:large_fern":1,"minecraft:smooth_stone":1,"minecraft:gray_wool":6,"minecraft:furnace":3,"minecraft:iron_ore":16,"minecraft:spruce_log":15,"minecraft:andesite":3,"minecraft:chiseled_deepslate":1,"minecraft:grass":9,"minecraft:oak_log":18,"minecraft:coal_ore":17,"minecraft:dirt":27,"minecraft:stone":32,"minecraft:oak_leaves":5},"minecraft:used":{"minecraft:cooked_mutton":16,"minecraft:stone_pickaxe":77,"minecraft:oak_planks":52,"minecraft:wooden_pickaxe":33,"minecraft:cooked_chicken":1,"minecraft:dirt":21,"minecraft:mutton":2,"minecraft:crafting_table":2,"minecraft:white_bed":3,"minecraft:dark_oak_planks":7,"minecraft:chicken":1,"minecraft:bread":4,"minecraft:stone_axe":161,"minecraft:cobblestone":25,"minecraft:furnace":4,"minecraft:cooked_beef":1},"minecraft:killed":{"minecraft:spider":2,"minecraft:creeper":1,"minecraft:skeleton":3,"minecraft:sheep":8,"minecraft:pillager":4,"minecraft:zombie":7,"minecraft:chicken":2,"minecraft:cow":4}},"DataVersion":3465}